method,aopc
GradCAM,0.31856527328491213
ViT Rollout,0.1361386626958847
