step,confidence
0,0.691342294216156
1,0.7509757876396179
2,0.17517277598381042
3,0.3338567316532135
4,0.43742427229881287
5,0.3449859917163849
6,0.6430923938751221
7,0.8281745314598083
8,0.9131802320480347
9,0.6722423434257507
