step,confidence
0,0.8263048529624939
1,0.7666546702384949
2,0.7146046161651611
3,0.847496509552002
4,0.9633451104164124
5,0.8986348509788513
6,0.9512367844581604
7,0.9187394976615906
8,0.7278611063957214
9,0.8976100087165833
