step,deletion,insertion
0,0.691342294216156,0.8263048529624939
1,0.7509757876396179,0.7666546702384949
2,0.17517277598381042,0.7146046161651611
3,0.3338567316532135,0.847496509552002
4,0.43742427229881287,0.9633451104164124
5,0.3449859917163849,0.8986348509788513
6,0.6430923938751221,0.9512367844581604
7,0.8281745314598083,0.9187394976615906
8,0.9131802320480347,0.7278611063957214
9,0.6722423434257507,0.8976100087165833
